title,description,category,company,startDate,endDate,discount,contactEmail
KUCCPS SUPER BUNDLE - LIMITED OFFER,"ğŸ“ KUCCPS APPLICATION SPECIAL! Get everything you need for your university journey at only KSH 400!

ğŸ“¦ WHAT'S INCLUDED:
1. KUCCPS Application Processing
2. Bursaries & Scholarships Application Assistance  
3. HELB Application Support
4. Comprehensive Remote Work Orientation
5. Bonus: Career Guidance Session

ğŸ”¥ EXTRA: Refer 5 friends and get FREE KRA PIN Registration!

ğŸ’¡ WHY THIS MATTERS:
'Remote work is THE in-thing! Don't accept to be broke when you can work from home. This bundle not only secures your university placement but prepares you for the digital economy.'

ğŸ’ª EMOTIONAL APPEAL:
We know the struggle is real - balancing school fees, accommodation, and future plans. That's why we've bundled EVERYTHING at less than the cost of a textbook. Your future is worth investing in!

ğŸ¯ PERFECT FOR:
- High school leavers
- University applicants  
- Students seeking financial aid
- Anyone wanting remote work skills

â° LIMITED TIME: This comprehensive package won't be available at this price again!",student-offer,Veritas CyberHub,2024-01-30,2024-02-15,65% (Massive Discount!),offers@veritascyberhub.com